{"accountant": {"male": null, "female": null, "neutral": {"x": 8.881784197001252e-16, "y": 0.0, "r": 36.846016905801584}}, "artist": {"male": {"x": 8.848013076469625, "y": 19.75292507110808, "r": 0.015586685691052296}, "female": {"x": 5.801225164157049, "y": 12.95442424813285, "r": 15.262958326634342}, "neutral": {"x": -0.18986150883057284, "y": -0.4239078422767921, "r": 40.14966529124031}}, "astronaut": {"male": {"x": 2.894890845928833, "y": 9.031776247334513, "r": 0.02039866027295094}, "female": null, "neutral": {"x": -0.03473869015110753, "y": -0.10838131496806369, "r": 32.02624118294054}}, "banker": {"male": {"x": 34.03558646276496, "y": -17.215323166364318, "r": 22.806427088268528}, "female": null, "neutral": {"x": -0.6931891336611997, "y": 0.35061757976302843, "r": 38.35447307113975}}, "carpenter": {"male": {"x": 16.056013455914268, "y": -18.057384807802197, "r": 19.64087492574775}, "female": null, "neutral": {"x": -0.7374369436954566, "y": 0.8293579661203694, "r": 32.08281379636971}}, "chef": {"male": {"x": -35.487559926048974, "y": -17.564429258457444, "r": 10.250361094016228}, "female": {"x": -34.20477987225749, "y": -13.708729899407453, "r": 0.016015336022592152}, "neutral": {"x": 0.554069807594038, "y": 0.23546888247411935, "r": 37.89273204099913}}, "doctor": {"male": {"x": 27.674269129897453, "y": -0.18066574605014907, "r": 14.308400836208683}, "female": {"x": 34.40263653821067, "y": -8.184796363975796, "r": 0.020790465563836943}, "neutral": {"x": -0.6958368615110997, "y": 0.10093260729389186, "r": 38.55282480363388}}, "engineer": {"male": {"x": 32.54206914640212, "y": -27.831947806849005, "r": 0.01686234598397668}, "female": null, "neutral": {"x": -0.3905048297568312, "y": 0.3339833736822726, "r": 40.55124636809438}}, "farmer": {"male": {"x": 32.728579329592044, "y": 4.210042498927564, "r": 29.320735442662073}, "female": null, "neutral": {"x": -2.7628021511993097, "y": -0.3553931979614049, "r": 22.03120583063402}}, "firefighter": {"male": {"x": 26.65305067610245, "y": 5.7485827018414355, "r": 22.68480431561845}, "female": null, "neutral": {"x": -0.5428319893299869, "y": -0.11707907743057078, "r": 31.830485224749495}}, "lawyer": {"male": {"x": 30.53166421887525, "y": -31.36066344700474, "r": 6.159988624051325}, "female": null, "neutral": {"x": -0.24572767982997412, "y": 0.2523997058110332, "r": 40.43200697346259}}, "musician": {"male": null, "female": {"x": 6.832249024605624, "y": -11.55876433874081, "r": 14.172605427066935}, "neutral": {"x": -0.10383357180254826, "y": 0.17566511153096176, "r": 39.070656465298015}}, "nurse": {"male": null, "female": {"x": 29.46539593253879, "y": 17.491376709897466, "r": 19.895613036285035}, "neutral": {"x": -1.48253564440446, "y": -0.8800692684225346, "r": 31.718428045377717}}, "pilot": {"male": {"x": 30.6438819249438, "y": -20.28940161304863, "r": 29.452479711342875}, "female": null, "neutral": {"x": -0.7519971024526164, "y": 0.4978994260872085, "r": 35.8991822138956}}, "plumber": {"male": {"x": 20.34425261867317, "y": 20.108292880332787, "r": 17.44252870289917}, "female": null, "neutral": {"x": -1.5750389124134117, "y": -1.5567710617031914, "r": 25.836997211304187}}, "professor": {"male": {"x": 34.32628750805909, "y": 0.6508913541401222, "r": 6.0136509760150645}, "female": null, "neutral": {"x": -0.3460311240731704, "y": -0.00656140477963163, "r": 32.783625859826834}}, "receptionist": {"male": null, "female": {"x": 20.92107481851631, "y": 15.758477862082007, "r": 2.720378315653056}, "neutral": {"x": -0.08385200328067732, "y": -0.0631602319121285, "r": 26.39213092642228}}, "scientist": {"male": {"x": 8.540979809184241, "y": -10.594325531703387, "r": 0.022077747003643015}, "female": null, "neutral": {"x": -0.10249175771022934, "y": 0.12713190638055138, "r": 42.4015716933569}}, "teacher": {"male": {"x": -29.54937937587649, "y": 8.305077152170721, "r": 0.3654571831001465}, "female": {"x": -23.536263016037992, "y": -16.890012206285373, "r": 18.16230092835293}, "neutral": {"x": 0.2073662846309876, "y": 0.059833999572791896, "r": 35.32202755468713}}, "veterinarian": {"male": null, "female": {"x": 32.86622558166051, "y": -30.225344918627314, "r": 3.392910794530124}, "neutral": {"x": -0.09869737411909907, "y": 0.0907668015574572, "r": 38.06061111470401}}, "writer": {"male": {"x": 21.893021888481012, "y": -4.402005244400694, "r": 17.16860473607839}, "female": {"x": -1.7046531721000173, "y": -6.830035811565526, "r": 7.441934648226305}, "neutral": {"x": -0.05578586180366152, "y": 0.054513310465495124, "r": 36.76628585845979}}}